document_code,document_id,document_url,issue_date,abstract,num_attachments,attachment_1_url,attachment_2_url,attachment_3_url,attachment_4_url,attachment_5_url
318/2025/NĐ-CP,216184,https://chinhphu.vn/?pageid=27160&docid=216184&classid=1,12/12/2025,Quy định chi tiết một số điều của Luật Việc làm về đăng ký lao động và hệ thống thông tin thị trường lao động,1,https://datafiles.chinhphu.vn/cpp/files/vbpq/2025/12/318-ndcp.signed.pdf,,,,
46/2025/QĐ-TTg,216171,https://chinhphu.vn/?pageid=27160&docid=216171&classid=1,11/12/2025,Về việc bãi bỏ toàn bộ Quyết định số 53/2012/QĐ-TTg ngày 22 tháng 11 năm 2012 của Thủ tướng Chính phủ về việc ban hành lộ trình áp dụng tỉ lệ phối trộn nhiên liệu sinh học với nhiên liệu truyền thống,1,https://datafiles.chinhphu.vn/cpp/files/vbpq/2025/12/46-ttg.signed.pdf,,,,
317/2025/NĐ-CP,216180,https://chinhphu.vn/?pageid=27160&docid=216180&classid=1,10/12/2025,"Sửa đổi, bổ sung một số điều của Nghị định số 97/2018/NĐ-CP ngày 30 tháng 6 năm 2018 của Chính phủ về cho vay lại vốn ODA, vay ưu đãi nước ngoài của Chính phủ được sửa đổi, bổ sung bởi Nghị định số 79/2021/NĐ-CP ngày 16 tháng 8 năm 2021",1,https://datafiles.chinhphu.vn/cpp/files/vbpq/2025/12/317-2025ndcp.signed.pdf,,,,
316/2025/NĐ-CP,216169,https://chinhphu.vn/?pageid=27160&docid=216169&classid=1,10/12/2025,"Quy định chi tiết một số điều và biện pháp thi hành Luật Năng lượng nguyên tử về nhà máy điện hạt nhân, lò phản ứng hạt nhân nghiên cứu",1,https://datafiles.chinhphu.vn/cpp/files/vbpq/2025/12/316nd.signed.pdf,,,,
17/2025/TT-BVHTTDL,216151,https://chinhphu.vn/?pageid=27160&docid=216151&classid=1,09/12/2025,"Quy định về danh mục kênh chương trình phát thanh, kênh chương trình truyền hình phục vụ nhiệm vụ chính trị, thông tin tuyên truyền thiết yếu của quốc gia và của địa phương",3,https://datafiles.chinhphu.vn/cpp/files/vbpq/2025/12/17-ttbvhttdl.pdf,https://datafiles.chinhphu.vn/cpp/files/vbpq/2025/12/phu-luc-1-17-bvhttdl.pdf,https://datafiles.chinhphu.vn/cpp/files/vbpq/2025/12/phu-luc-2-ttbvhttdl.pdf,,
66.9/2025/NQ-CP,216128,https://chinhphu.vn/?pageid=27160&docid=216128&classid=1,08/12/2025,"Xử lý khó khăn, vướng mắc trong quy định về trách nhiệm xây dựng, quản lý Cơ sở dữ liệu quốc gia về xử lý vi phạm hành chính",1,https://datafiles.chinhphu.vn/cpp/files/vbpq/2025/12/66.9-nq.signed.pdf,,,,
315/2025/NĐ-CP,216133,https://chinhphu.vn/?pageid=27160&docid=216133&classid=1,08/12/2025,"Ban hành Quy chế làm việc mẫu của Ủy ban nhân dân xã, phường, đặc khu",1,https://datafiles.chinhphu.vn/cpp/files/vbpq/2025/12/315-ndcp.signed.pdf,,,,
314/2025/NĐ-CP,216132,https://chinhphu.vn/?pageid=27160&docid=216132&classid=1,08/12/2025,"Ban hành Quy chế làm việc mẫu của Ủy ban nhân dân tỉnh, thành phố trực thuộc trung ương",1,https://datafiles.chinhphu.vn/cpp/files/vbpq/2025/12/314-ndcp.signed.pdf,,,,
313/2025/NĐ-CP,216164,https://chinhphu.vn/?pageid=27160&docid=216164&classid=1,08/12/2025,"Quản lý và sử dụng viện trợ không hoàn lại không thuộc hỗ trợ phát triển chính thức của cơ quan, tổ chức, cá nhân nước ngoài dành cho Việt Nam",1,https://datafiles.chinhphu.vn/cpp/files/vbpq/2025/12/313-nd.signed.pdf,,,,
4/2025/TT-VPCP,216140,https://chinhphu.vn/?pageid=27160&docid=216140&classid=1,08/12/2025,"Quy định về thông tin, dữ liệu được kết nối, chia sẻ giữa Cổng dịch vụ công quốc gia với các Hệ thống thông tin giải quyết thủ tục hành chính, Cơ sở dữ liệu dùng chung của cơ quan nhà nước phục vụ giải quyết thủ tục hành chính",1,https://datafiles.chinhphu.vn/cpp/files/vbpq/2025/12/4-tt-vpcp.signed.pdf,,,,
312/2025/NĐ-CP,216137,https://chinhphu.vn/?pageid=27160&docid=216137&classid=1,06/12/2025,"Quy định cơ chế quản lý tài chính dự án đầu tư theo phương thức đối tác công tư và cơ chế thanh toán, quyết toán đối với dự án áp dụng loại hợp đồng BT",1,https://datafiles.chinhphu.vn/cpp/files/vbpq/2025/12/312-nd.signed.pdf,,,,
311/2025/NĐ-CP,216135,https://chinhphu.vn/?pageid=27160&docid=216135&classid=1,05/12/2025,"Sửa đổi, bổ sung một số điều của Nghị định số 71/2020/NĐ-CP ngày 30 tháng 6 năm 2020 của Chính phủ quy định lộ trình thực hiện nâng trình độ chuẩn được đào tạo của giáo viên mầm non, tiểu học, trung học cơ sở",1,https://datafiles.chinhphu.vn/cpp/files/vbpq/2025/12/311-cp.signed.pdf,,,,
45/2025/QĐ-TTg,216098,https://chinhphu.vn/?pageid=27160&docid=216098&classid=1,03/12/2025,Quy định đối tượng thuê nhà ở công vụ tại các địa phương thuộc diện sắp xếp đơn vị hành chính cấp tỉnh,1,https://datafiles.chinhphu.vn/cpp/files/vbpq/2025/12/45-ttg.signed.pdf,,,,
310/2025/NĐ-CP,216102,https://chinhphu.vn/?pageid=27160&docid=216102&classid=1,02/12/2025,"Sửa đổi, bổ sung một số điều của Nghị định số 125/2020/NĐ-CP ngày 19 tháng 10 năm 2020 của Chính phủ quy định xử phạt vi phạm hành chính về thuế, hóa đơn",1,https://datafiles.chinhphu.vn/cpp/files/vbpq/2025/12/310-cp.signed.pdf,,,,
61/2025/TT-BCT,216126,https://chinhphu.vn/?pageid=27160&docid=216126&classid=1,02/12/2025,Quy định về hạn ngạch thuế quan nhập khẩu để thực hiện Hiệp định Thương mại giữa Chính phủ nước Cộng hòa Xã hội chủ nghĩa Việt Nam và Chính phủ nước Cộng hòa Dân chủ Nhân dân Lào giai đoạn 2025 - 2030,1,https://datafiles.chinhphu.vn/cpp/files/vbpq/2025/12/61-bct.pdf,,,,
60/2025/TT-BCT,216125,https://chinhphu.vn/?pageid=27160&docid=216125&classid=1,02/12/2025,Quy định về thực hiện giá bán điện,1,https://datafiles.chinhphu.vn/cpp/files/vbpq/2025/12/60-bct.pdf,,,,
58/2025/TT-BCT,216155,https://chinhphu.vn/?pageid=27160&docid=216155&classid=1,02/12/2025,Quy định phương pháp xác định giá dịch vụ phát điện của nhà máy thủy điện tích năng; nội dung chính của hợp đồng mua bán điện,1,https://datafiles.chinhphu.vn/cpp/files/vbpq/2025/12/58-bct.pdf,,,,
57/2025/TT-BCT,216124,https://chinhphu.vn/?pageid=27160&docid=216124&classid=1,02/12/2025,Quy định một số nội dung kỹ thuật trong hoạt động dầu khí,1,https://datafiles.chinhphu.vn/cpp/files/vbpq/2025/12/57-bct.pdf,,,,
44/2025/QĐ-TTg,216080,https://chinhphu.vn/?pageid=27160&docid=216080&classid=1,01/12/2025,Bãi bỏ một số văn bản quy phạm pháp luật của Thủ tướng Chính phủ,1,https://datafiles.chinhphu.vn/cpp/files/vbpq/2025/12/44-ttg.signed.pdf,,,,
16/2025/TT-BVHTTDL,216150,https://chinhphu.vn/?pageid=27160&docid=216150&classid=1,01/12/2025,"Sửa đổi, bổ sung một số điều của Thông tư số 18/2011/TT-BVHTTDL ngày 02 tháng 12 năm 2011 của Bộ trưởng Bộ Văn hóa, Thể thao và Du lịch quy định mẫu về tổ chức hoạt động của câu lạc bộ thể dục thể thao cơ sở",2,https://datafiles.chinhphu.vn/cpp/files/vbpq/2025/12/16-bvhttdl.pdf,https://datafiles.chinhphu.vn/cpp/files/vbpq/2025/12/16-bvhttdl-kem.pdf,,,
44/2025/TT-BKHCN,216154,https://chinhphu.vn/?pageid=27160&docid=216154&classid=1,30/11/2025,"Quy định quản lý nhiệm vụ khoa học và công nghệ do Bộ Khoa học và Công nghệ tài trợ, đặt hàng",1,https://datafiles.chinhphu.vn/cpp/files/vbpq/2025/12/44-bkhcn.pdf,,,,
43/2025/TT-BKHCN,216145,https://chinhphu.vn/?pageid=27160&docid=216145&classid=1,30/11/2025,Quy định quản lý hỗ trợ hoạt động nâng cao năng lực khoa học và công nghệ,1,https://datafiles.chinhphu.vn/cpp/files/vbpq/2025/12/43-bkhcn.pdf,,,,
42/2025/TT-BKHCN,216153,https://chinhphu.vn/?pageid=27160&docid=216153&classid=1,30/11/2025,"Quy định áp dụng tiêu chuẩn, quy chuẩn kỹ thuật đối với trung tâm dữ liệu",1,https://datafiles.chinhphu.vn/cpp/files/vbpq/2025/12/42-bkhcn.pdf,,,,
40/2025/TT-BKHCN,216139,https://chinhphu.vn/?pageid=27160&docid=216139&classid=1,30/11/2025,Bãi bỏ một số thông tư do Bộ trưởng Bộ Thông tin và Truyền thông ban hành trong lĩnh vực viễn thông,1,https://datafiles.chinhphu.vn/cpp/files/vbpq/2025/12/40-bkhcn.pdf,,,,
309/2025/NĐ-CP,216068,https://chinhphu.vn/?pageid=27160&docid=216068&classid=1,29/11/2025,"Sửa đổi, bổ sung một số điều của Nghị định số 26/2019/NĐ-CP ngày 08 tháng 3 năm 2019 của Chính phủ về việc quy định chi tiết một số điều và biện pháp thi hành Luật Thủy sản đã được sửa đổi, bổ sung một số điều theo Nghị định số 37/2024/NĐ-CP ngày 04 tháng 4 năm 2024 của Chính phủ",1,https://datafiles.chinhphu.vn/cpp/files/vbpq/2025/12/309-cp.signed.pdf,,,,
308/2025/NĐ-CP,216075,https://chinhphu.vn/?pageid=27160&docid=216075&classid=1,28/11/2025,"Quy định chi tiết một số điều và biện pháp tổ chức, hướng dẫn thi hành Luật Di sản văn hóa",2,https://datafiles.chinhphu.vn/cpp/files/vbpq/2025/12/308_2025_nd-cp_28112025-signed.pdf,https://datafiles.chinhphu.vn/cpp/files/vbpq/2025/12/308-phu-luc.pdf,,,
112/2025/TT-BTC,216120,https://chinhphu.vn/?pageid=27160&docid=216120&classid=1,28/11/2025,"Sửa đổi, bổ sung một số điều của Thông tư số 55/2023/TT-BTC ngày 15 tháng 8 năm 2023 của Bộ trưởng Bộ Tài chính quy định quản lý, sử dụng và quyết toán kinh phí sự nghiệp từ nguồn ngân sách nhà nước thực hiện các Chương trình mục tiêu quốc gia giai đoạn 2021-2025 được sửa đổi, bổ sung bởi Thông tư số 75/2024/TT-BTC ngày 31 tháng 10 năm 2024 của Bộ trưởng Bộ Tài chính",1,https://datafiles.chinhphu.vn/cpp/files/vbpq/2025/12/112-btc.pdf,,,,
70/2025/TT-BNNMT,216146,https://chinhphu.vn/?pageid=27160&docid=216146&classid=1,28/11/2025,Ban hành Định mức kinh tế - kỹ thuật đo đạc và bản đồ,1,https://datafiles.chinhphu.vn/cpp/files/vbpq/2025/12/70-bnnmt.pdf,,,,
68/2025/TT-BNNMT,216118,https://chinhphu.vn/?pageid=27160&docid=216118&classid=1,28/11/2025,Quy định kỹ thuật vận hành công trình hạ tầng thu nhận dữ liệu ảnh viễn thám,1,https://datafiles.chinhphu.vn/cpp/files/vbpq/2025/12/68-bnnmt.pdf,,,,
56/2025/TT-BCT,216107,https://chinhphu.vn/?pageid=27160&docid=216107&classid=1,28/11/2025,Quy định về quy trình kiểm tra chuyên ngành Công Thương,1,https://datafiles.chinhphu.vn/cpp/files/vbpq/2025/12/56-bct.signed.pdf,,,,
55/2025/TT-BCT,216097,https://chinhphu.vn/?pageid=27160&docid=216097&classid=1,28/11/2025,"Sửa đổi, bổ sung một số điều của Thông tư số 07/2019/TT-BCT ngày 19 tháng 4 năm 2019 của Bộ trưởng Bộ Công Thương quy định về xuất khẩu hàng dệt may sang Mê-hi-cô theo Hiệp định Đối tác Toàn diện và Tiến bộ xuyên Thái Bình Dương",1,https://datafiles.chinhphu.vn/cpp/files/vbpq/2025/12/55-bct.pdf,,,,
43/2025/QĐ-TTg,216066,https://chinhphu.vn/?pageid=27160&docid=216066&classid=1,28/11/2025,Quy định lộ trình áp dụng quy chuẩn kỹ thuật quốc gia về khí thải xe ô tô tham gia giao thông đường bộ,1,https://datafiles.chinhphu.vn/cpp/files/vbpq/2025/12/43-qdttg.signed.pdf,,,,
40/2025/TT-BXD,216144,https://chinhphu.vn/?pageid=27160&docid=216144&classid=1,28/11/2025,"Quy định cơ chế, chính sách quản lý giá dịch vụ kiểm định, miễn kiểm định lần đầu cho xe cơ giới, xe máy chuyên dùng",1,https://datafiles.chinhphu.vn/cpp/files/vbpq/2025/12/40-bxd.pdf,,,,
37/2025/TT-BKHCN,216105,https://chinhphu.vn/?pageid=27160&docid=216105&classid=1,28/11/2025,"Quy định mã số và tiêu chuẩn chức danh khoa học, chức danh công nghệ; thành tích, kết quả khoa học, công nghệ và đổi mới sáng tạo để xét bổ nhiệm vào chức danh khoa học, chức danh công nghệ cao hơn không phụ thuộc vào năm công tác",1,https://datafiles.chinhphu.vn/cpp/files/vbpq/2025/12/37-bkhcn.pdf,,,,
25/2025/TT-BGDĐT,216152,https://chinhphu.vn/?pageid=27160&docid=216152&classid=1,28/11/2025,Ban hành Quy chế quản lý việc đi công tác nước ngoài của các đơn vị thuộc và trực thuộc Bộ Giáo dục và Đào tạo,1,https://datafiles.chinhphu.vn/cpp/files/vbpq/2025/12/25-bgddt.pdf,,,,
307/2025/NĐ-CP,216064,https://chinhphu.vn/?pageid=27160&docid=216064&classid=1,27/11/2025,Phân loại đơn vị hành chính,1,https://datafiles.chinhphu.vn/cpp/files/vbpq/2025/12/307-cp.signed.pdf,,,,
24/2025/TT-BTP,216076,https://chinhphu.vn/?pageid=27160&docid=216076&classid=1,27/11/2025,"Sửa đổi, bổ sung, bãi bỏ một số điều của các thông tư thuộc lĩnh vực tổ chức cán bộ và thông tư có liên quan thuộc phạm vi quản lý của Bộ Tư pháp",1,https://datafiles.chinhphu.vn/cpp/files/vbpq/2025/12/24-btp.pdf,,,,
66.8/2025/NQ-CP,216007,https://chinhphu.vn/?pageid=27160&docid=216007&classid=1,26/11/2025,"Về tách nội dung bồi thường, hỗ trợ, tái định cư thuộc dự án điện hạt nhân đã được Quốc hội quyết định chủ trương đầu tư thành dự án độc lập",1,https://datafiles.chinhphu.vn/cpp/files/vbpq/2025/11/66.8-cp.signed.pdf,,,,
36/2025/TT-BKHCN,216096,https://chinhphu.vn/?pageid=27160&docid=216096&classid=1,26/11/2025,"Quy định khung về trình tự, thủ tục xây dựng, thẩm định, ban hành, quản lý, tổ chức thực hiện chương trình khoa học, công nghệ và đổi mới sáng tạo và quy định về tình tự, thủ tục xét tài trợ, đặt hàng, ký hợp đồng, tổ chức thực hiện, chấm dứt thực hiện, thanh lý hợp đồng giao nhiệm vụ và đánh giá đối với nhiệm vụ khoa học, công nghệ và đổi mới sáng tạo",1,https://datafiles.chinhphu.vn/cpp/files/vbpq/2025/12/36-bkhcn.pdf,,,,
08/2025/NQ-CP,216002,https://chinhphu.vn/?pageid=27160&docid=216002&classid=1,26/11/2025,Về việc cho phép người Việt Nam đủ điều kiện vào chơi casino tại một số dự án kinh doanh casino,1,https://datafiles.chinhphu.vn/cpp/files/vbpq/2025/11/08-cp.signed.pdf,,,,
306/2025/NĐ-CP,215991,https://chinhphu.vn/?pageid=27160&docid=215991&classid=1,25/11/2025,"Sửa đổi, bổ sung một số điều của Nghị định số 156/2020/NĐ-CP ngày 31 tháng 12 năm 2020 của Chính phủ quy định xử phạt vi phạm hành chính trong lĩnh vực chứng khoán và thị trường chứng khoán (được sửa đổi, bổ sung một số điều theo Nghị định số 128/2021/NĐ-CP ngày 30 tháng 12 năm 2021 của Chính phủ) và Nghị định số 158/2020/NĐ-CP ngày 31 tháng 12 năm 2020 của Chính phủ về chứng khoán phái sinh và thị trường chứng khoán phái sinh",1,https://datafiles.chinhphu.vn/cpp/files/vbpq/2025/11/306-cp.signed.pdf,,,,
305/2025/NĐ-CP,215994,https://chinhphu.vn/?pageid=27160&docid=215994&classid=1,25/11/2025,Về viện trợ của Việt Nam cho nước ngoài,1,https://datafiles.chinhphu.vn/cpp/files/vbpq/2025/11/305-ndcp.signed.pdf,,,,
304/2025/NĐ-CP,215992,https://chinhphu.vn/?pageid=27160&docid=215992&classid=1,25/11/2025,Quy định điều kiện tài sản bảo đảm của khoản nợ xấu được thu giữ,1,https://datafiles.chinhphu.vn/cpp/files/vbpq/2025/11/304-cp.signed.pdf,,,,
130/2025/TT-BQP,216042,https://chinhphu.vn/?pageid=27160&docid=216042&classid=1,25/11/2025,"Sửa đổi, bổ sung một số điều của Thông tư số 67/2024/TT-BQP ngày 14 tháng 10 năm 2024 của Bộ trưởng Bộ Quốc phòng quy định trình tự, thủ tục chứng nhận chất lượng an toàn kỹ thuật và bảo vệ môi trường xe cơ giới nhập khẩu, sản xuất, lắp ráp thuộc phạm vi quản lý của Bộ Quốc phòng",1,https://datafiles.chinhphu.vn/cpp/files/vbpq/2025/11/130-bqp.signed.pdf,,,,
45/2025/TT-BYT,216040,https://chinhphu.vn/?pageid=27160&docid=216040&classid=1,25/11/2025,"Bãi bỏ Thông tư số 31/2015/TT-BYT ngày 14 tháng 10 năm 2015 của Bộ trưởng Bộ Y tế quy định việc áp dụng chế độ bồi dưỡng, thời gian và số người thực hiện giám định đối với từng loại việc giám định pháp y, pháp y tâm thần",1,https://datafiles.chinhphu.vn/cpp/files/vbpq/2025/11/45-byt.pdf,,,,
39/2025/TT-BXD,216039,https://chinhphu.vn/?pageid=27160&docid=216039&classid=1,25/11/2025,"Sửa đổi, bổ sung một số định mức ban hành tại Thông tư số 44/2021/TT-BGTVT ngày 31 tháng 12 năm 2021 của Bộ trưởng Bộ Giao thông vận tải ban hành định mức quản lý, bảo dưỡng thường xuyên đường bộ",1,https://datafiles.chinhphu.vn/cpp/files/vbpq/2025/11/39-bxd.pdf,,,,
111/2025/TT-BTC,216036,https://chinhphu.vn/?pageid=27160&docid=216036&classid=1,24/11/2025,"Bãi bỏ Thông tư số 73/2017/TT-BTC ngày 17 tháng 7 năm 2017 của Bộ trưởng Bộ Tài chính quy định quản lý và sử dụng nguồn ngân sách nhà nước bảo đảm, hỗ trợ chi phí khám sức khỏe và chi phí điều trị nghiện các chất dạng thuốc phiện bằng thuốc thay thế",1,https://datafiles.chinhphu.vn/cpp/files/vbpq/2025/11/111-btc.pdf,,,,
67/2025/TT-BNNMT,216028,https://chinhphu.vn/?pageid=27160&docid=216028&classid=1,24/11/2025,Ban hành Quy chuẩn kỹ thuật Quốc gia về thức ăn thủy sản và sản phẩm xử lý môi trường nuôi trồng thủy sản,5,https://datafiles.chinhphu.vn/cpp/files/vbpq/2025/11/67-bnnmt.pdf,https://datafiles.chinhphu.vn/cpp/files/vbpq/2025/11/67-bnnmt-1.pdf,https://datafiles.chinhphu.vn/cpp/files/vbpq/2025/11/67-bnnmt-2.pdf,https://datafiles.chinhphu.vn/cpp/files/vbpq/2025/11/67-bnnmt-3.pdf,https://datafiles.chinhphu.vn/cpp/files/vbpq/2025/11/67-bnnmt-4.pdf
54/2025/TT-BCT,216020,https://chinhphu.vn/?pageid=27160&docid=216020&classid=1,21/11/2025,"Sửa đổi, bổ sung một số điều của Thông tư số 09/2025/TT-BCT ngày 01 tháng 02 năm 2025 của Bộ trưởng Bộ Công Thương quy định hồ sơ, trình tự, thủ tục, phương pháp xác định, phê duyệt khung giá phát điện; quy định hồ sơ, trình tự, thủ tục xây dựng, phê duyệt khung giá nhập khẩu điện và Thông tư số 12/2025/TT-BCT ngày 01 tháng 02 năm 2025 của Bộ trưởng Bộ Công Thương quy định phương pháp xác định giá dịch vụ phát điện; nguyên tắc tính giá điện để thực hiện dự án điện lực; nội dung chính của hợp đồng mua bán điện",1,https://datafiles.chinhphu.vn/cpp/files/vbpq/2025/11/54-bct.pdf,,,,
37/2025/TT-BXD,216014,https://chinhphu.vn/?pageid=27160&docid=216014&classid=1,21/11/2025,"Quy định cơ chế, chính sách quản lý giá dịch vụ kiểm định, kiểm tra sản phẩm công nghiệp sử dụng trên tàu biển, phương tiện thủy nội địa",1,https://datafiles.chinhphu.vn/cpp/files/vbpq/2025/11/37-bxd.pdf,,,,
,,"https://chinhphu.vnjavascript:__doPostBack('ctrl_191017_163$grvDocument','Page$2')",,,0,,,,,
