STT,Số ký hiệu,Ngày ban hành,Tên văn bản
1.0,31/2024/QH15,18/01/2024,Luật Đất đai
2.0,29/2023/QH15,28/11/2023,Luật Kinh doanh bất động sản
3.0,27/2023/QH15,27/11/2023,Luật Nhà ở
4.0,45/2013/QH13,29/11/2013,Luật đất đai
5.0,36/2013/QH13,20/06/2013,"Luật sửa đổi, bổ sung một số điều của Luật cư trú"
6.0,48/2010/QH12,28/06/2010,LUẬT THUẾ SỬ DỤNG ĐẤT PHI NÔNG NGHIỆP
7.0,34/2009/QH12,29/06/2009,"LUẬT SỬA ĐỔI, BỔ SUNG ĐIỀU 126 CỦA LUẬT NHÀ Ở VÀ ĐIỀU 121 CỦA LUẬT ĐẤT ĐAI"
8.0,63/2006/QH11,12/07/2006,Luật Kinh doanh bất động sản
9.0,56/2005/QH11,09/12/2005,Luật Nhà ở
10.0,55/2005/QH11,09/12/2005,"Luật Phòng, chống tham nhũng"
11.0,13/2003/QH11,10/12/2003,Luật đất đai
12.0,25/2001/QH10,29/06/2001,"Luật sửa đổi, bổ sung một số điều của Luật Đất đai"
13.0,17/1999/QH10,21/12/1999,"Luật sửa đổi, bổ sung một số điều của luật thuế chuyển quyền sử dụng đất"
14.0,10/1998/QH,02/12/1998,"Luật sửa đổi, bổ sung một số điều của Luật đất đai"
16.0,37/L/CTN,25/10/1994,"Pháp lệnh về quyền và nghĩa vụ của các tổ chức trong nước được Nhà nước giao đất, cho thuê đất"
17.0,37/L/CTN,25/10/1994,"Pháp lệnh về quyền và nghĩa vụ của tổ chức, cá nhân nước ngoài thuê đất tại Việt Nam"
18.0,35/L/CTN,05/07/1994,Luật Thuế Chuyển quyền sử dụng Đất
19.0,34/L/CTN,03/06/1994,"Pháp lệnh sửa đổi, bổ sung một số điều của Pháp lệnh Thuế Nhà, Đất"
20.0,31/L/CTN,29/03/1994,Pháp lệnh Thuế bổ sung đối với hộ gia đình sử dụng đất nông nghiệp vượt quá hạn mức diện tích
21.0,24/L/CTN,24/07/1993,Luật Đất đai
22.0,23/L/CTN,24/07/1993,Luật Thuế Sử dụng Đất Nông nghiệp
23.0,69/LCT/HĐNN8,10/08/1992,"Pháp lệnh về Thuế Nhà, Đất"
24.0,54/LCT/HĐNN8,01/07/1991,"Pháp lệnh Thuế Nhà, Đất"
25.0,03/LCT/HĐNN8,08/01/1988,Luật Đất đai
26.0,103/SL/L.005,20/05/1957,"Luật Đảm bảo quyền tự do thân thể và quyền bất khả xâm phạm đối với nhà ở, đồ vật, thư tín của nhân dân"
29.0,261/2025/NĐ-CP,10/10/2025,"Sửa đổi, bổ sung một số điều của Nghị định số 100/2024/NĐ-CP ngày 26 tháng 7 năm 2024 của Chính phủ quy định chi tiết một số điều của Luật Nhà ở về phát triển và quản lý nhà ở xã hội và Nghị định số 192/2025/NĐ-CP ngày 01 tháng 7 năm 2025 của Chính phủ quy định chi tiết một số điều và biện pháp thi hành Nghị quyết số 201/2025/QH15 ngày 29 tháng 5 năm 2025 của Quốc hội thí điểm về một số cơ chế, chính sách đặc thù phát triển nhà ở xã hội"
30.0,230/2025/NĐ-CP,19/08/2025,"Quy định các trường hợp khác được miễn, giảm tiền sử dụng đất, tiền thuê đất theo quy định tại khoản 2 Điều 157 Luật Đất đai năm 2024"
31.0,226/2025/NĐ-CP,15/08/2025,"Sửa đổi, bổ sung một số điều của các nghị định quy định chi tiết thi hành Luật Đất đai"
32.0,192/2025/NĐ-CP,01/07/2025,"Quy định chi tiết một số điều và biện pháp thi hành Nghị quyết số 201/2025/QH15 ngày 29 tháng 5 năm 2025 của Quốc hội thí điểm về một số cơ chế, chính sách đặc thù phát triển nhà ở xã hội"
33.0,91/2025/NĐ-CP,24/04/2025,"Quy định thời điểm xác định giá đất của quỹ đất thanh toán theo hợp đồng Xây dựng – Chuyển giao tại Khu đô thị mới Thủ Thiêm, Thành phố Hồ Chí Minh"
34.0,75/2025/NĐ-CP,01/04/2025,Quy định chi tiết thi hành Nghị quyết số 171/2024/QH15 ngày 30 tháng 11 năm 2024 của Quốc hội về thí điểm thực hiện dự án nhà ở thương mại thông qua thỏa thuận về nhận quyền sử dụng đất hoặc đang có quyền sử dụng đất
35.0,03/2025/NĐ-CP,01/01/2025,"Quy định việc sắp xếp lại, xử lý tài sản công là nhà, đất"
36.0,123/2024/NĐ-CP,04/10/2024,Quy định về xử phạt vi phạm hành chính trong lĩnh vực đất đai
37.0,108/2024/NĐ-CP,23/08/2024,"Quy định việc quản lý, sử dụng và khai thác nhà, đất là tài sản công không sử dụng vào mục đích để ở giao cho tổ chức có chức năng quản lý, kinh doanh nhà địa phương quản lý, khai thác"
38.0,104/2024/NĐ-CP,31/07/2024,Quy định về Quỹ phát triển đất
39.0,103/2024/NĐ-CP,30/07/2024,"Quy định về tiền sử dụng đất, tiền thuê đất"
40.0,102/2024/NĐ-CP,30/07/2024,Quy định chi tiết thi hành một số điều của Luật Đất đai
41.0,101/2024/NĐ-CP,29/07/2024,"Quy định về điều tra cơ bản đất đai; đăng ký, cấp Giấy chứng nhận quyền sử dụng đất, quyền sở hữu tài sản gắn liền với đất và Hệ thống thông tin đất đai"
42.0,100/2024/NĐ-CP,26/07/2024,Quy định chi tiết một số điều của Luật Nhà ở về phát triển và quản lý nhà ở xã hội
43.0,98/2024/NĐ-CP,25/07/2024,"Quy định chi tiết một số điều của Luật Nhà ở về cải tạo, xây dựng lại nhà chung cư"
44.0,96/2024/NĐ-CP,24/07/2024,Quy định chi tiết một số điều của Luật Kinh doanh bất động sản
45.0,94/2024/NĐ-CP,24/07/2024,"Quy định chi tiết một số điều của Luật Kinh doanh bất động sản về xây dựng và quản lý hệ thống thông tin, cơ sở dữ liệu về nhà ở và thị trường bất động sản"
46.0,88/2024/NĐ-CP,15/07/2024,"Quy định về bồi thường, hỗ trợ, tái định cư khi Nhà nước thu hồi đất"
47.0,71/2024/NĐ-CP,27/06/2024,Quy định về giá đất
48.0,12/2024/NĐ-CP,05/02/2024,"Sửa đổi, bổ sung một số điều của Nghị định số 44/2014/NĐ-CP ngày 15 tháng 5 năm 2014 của Chính phủ quy định về giá đất và Nghị định số 10/2023/NĐ-CP ngày 03 tháng 4 năm 2023 của Chính phủ sửa đổi, bổ sung một số điều của các nghị định hướng dẫn thi hành Luật Đất đai"
49.0,10/2023/NĐ-CP,03/04/2023,"Sửa đổi, bổ sung một số điều của các nghị định hướng dẫn thi hành Luật Đất đai"
50.0,44/2022/NĐ-CP,29/06/2022,"Về xây dựng, quản lý và sử dụng hệ thống thông tin về nhà ở và thị trường bất động sản"
51.0,148/2020/NĐ-CP,18/12/2020,"Sửa đổi, bổ sung một số nghị định quy định chi tiết thi hành Luật Đất đai"
52.0,06/2020/NĐ-CP,03/01/2020,"Sửa đổi, bổ sung Điều 17 của Nghị định số 47/2014/NĐ-CP ngày 15 tháng 5 năm 2014 của Chính phủ quy định về bồi thường, hỗ trợ, tái định cư khi Nhà nước thu hồi đất"
53.0,96/2019/NĐ-CP,19/12/2019,Quy định về khung giá đất
54.0,79/2019/NĐ-CP,26/10/2019,Sửa đổi Điều 16 Nghị định số 45/2014/NĐ-CP ngày 15 tháng 5 năm 2014 của Chính phủ quy định về thu tiền sử dụng đất
55.0,123/2017/NĐ-CP,14/11/2017,"Sửa đổi, bổ sung một số điều của các Nghị định quy định về thu tiền sử dụng đất, thu tiền thuê đất, thuê mặt nước"
56.0,135/2016/NĐ-CP,09/09/2016,"Sửa đổi, bổ sung một số điều của các Nghị định quy định về thu tiền sử dụng đất, thu tiền thuê đất, thuế mặt nước"
57.0,79/2016/NĐ-CP,01/07/2016,"Quy định điều kiện kinh doanh dịch vụ đào tạo, bồi dưỡng kiến thức chuyên môn, nghiệp vụ quản lý nhà chung cư, kiến thức hành nghề môi giới bất động sản, điều hành sàn giao dịch bất động sản"
58.0,100/2015/NĐ-CP,20/10/2015,Về phát triển và quản lý nhà ở xã hội
59.0,104/2014/NĐ-CP,14/11/2014,Quy định về khung giá đất
60.0,47/2014/NĐ-CP,15/05/2014,"Quy định về bồi thường, hỗ trợ, tái định cư khi Nhà nước thu hồi đất"
61.0,46/2014/NĐ-CP,15/05/2014,"Quy định về thu tiền thuê đất, thuê mặt nước"
62.0,45/2014/NĐ-CP,15/05/2014,Quy định về thu tiền sử dụng đất
63.0,44/2014/NĐ-CP,15/05/2014,Quy định về giá đất
64.0,188/2013/NĐ-CP,20/11/2013,Về phát triển và quản lý nhà ở xã hội
65.0,84/2013/NĐ-CP,25/07/2013,Quy định về phát triển và quản lý nhà ở tái định cư
66.0,121/2010/NĐ-CP,30/12/2010,"Về sửa đổi, bổ sung một số điều của Nghị định số 142/2005/NĐ-CP ngày 14 tháng 11 năm 2005 của Chính phủ về thu tiền thuê đất, thuê mặt nước"
67.0,120/2010/NĐ-CP,30/12/2010,"Về sửa đổi, bổ sung một số điều của Nghị định số 198/2004/NĐ-CP ngày 03 tháng 12 năm 2004 của Chính phủ về thu tiền sử dụng đất"
68.0,71/2010/NĐ-CP,23/06/2010,Quy định chi tiết và hướng dẫn thi hành Luật Nhà ở
69.0,88/2009/NĐ-CP,19/10/2009,"Về cấp Giấy chứng nhận quyền sử dụng đất, quyền sở hữu nhà ở và tài sản khác gắn liền với đất"
70.0,69/2009/NĐ-CP,13/08/2009,"Quy định bổ sung về quy hoạch sử dụng đất, giá đất, thu hồi đất, bồi thường, hỗ trợ và tái định cư"
71.0,10/NĐ-CP,06/03/2009,"Về việc điều chỉnh địa giới hành chính xã, thành lập xã thuộc thành phố Đà Lạt, huyện Đức Trọng, huyện Di Linh, tỉnh Lâm Đồng"
72.0,23/2009/NĐ-CP,27/02/2009,"Về xử phạt vi phạm hành chính trong hoạt động xây dựng; kinh doanh bất động sản; khai thác, sản xuất, kinh doanh vật liệu xây dựng; quản lý công trình hạ tầng kỹ thuật; quản lý phát triển nhà và công sở"
73.0,08/NĐ-CP,09/02/2009,"Về việc điều chỉnh địa giới hành chính xã, phường để thành lập xã, phường thuộc huyện Mỏ Cày, huyện Chợ Lách, thị xã Bến Tre; điều chỉnh địa giới hành chính huyện Mỏ Cày, huyện Chợ Lách để thành lập huyện Mỏ Cày Bắc thuộc tỉnh Bến Tre"
74.0,07/NĐ-CP,09/02/2009,"Về việc giải thể xã và điều chỉnh địa giới hành chính xã, thành lập xã thuộc các huyện Tương Dương, Thanh Chương, Anh Sơn, Yên Thành, Hưng Nguyên tỉnh Nghệ An"
75.0,05/NĐ-CP,19/01/2009,"Về việc điều chỉnh địa giới hành chính xã, thành lập xã thuộc huyện Phù Ninh, huyện Thanh Ba; xác định địa giới hành chính xã Tân Đức thuộc thành phố Việt Trì, tỉnh Phú Thọ"
76.0,03/NĐ-CP,19/01/2009,"Về việc thành lập phường thuộc thị xã Hồng Lĩnh; điều chỉnh địa giới hành chính xã để mở rộng thị trấn Hương Khêthuộc huyện Hương Khê, tỉnh Hà Tĩnh"
77.0,98/2008/NĐ-CP,03/09/2008,Về việc thành lập thành phố Sơn La thuộc tỉnh Sơn La
78.0,72/2008/NĐ-CP,09/06/2008,Về việc thành lập thành phố Phủ Lý thuộc tỉnh Hà Nam
79.0,46/2008/NĐ-CP,17/04/2008,"Về việc điều chỉnh địa giới hành chính xã, phường,thành lập xã, phường, thị trấn thuộc thành phố Pleiku và các huyện Chư Prông, Chư Sê, tỉnh Gia Lai"
80.0,45/2008/NĐ-CP,17/04/2008,"Về việc điều chỉnh địa giới hành chính các huyện: Hưng Nguyên, Nghi Lộc để mở rộng địa giới hành chính thành phố Vinh; thành lập phường Vinh Tân thuộc thành phố Vinh, tỉnh Nghệ An"
81.0,44/2008/NĐ-CP,09/04/2008,"Về sửa đổi, bổ sung một số điều của Nghị định số 198/2004/NĐ-CP ngày 03 tháng 12 năm 2004 của Chính phủ về thu tiền sử dụng đất"
82.0,39/2008/NĐ-CP,04/04/2008,"Về việc điều chỉnh địa giới hành chính xã, phường, thành lập thị trấn, phường thuộc huyện Mê Linh, huyện Lập Thạch, thị xã Phúc Yên, tỉnh Vĩnh Phúc"
83.0,183/2007/NĐ-CP,13/12/2007,"Về việc điều chỉnh địa giới hành chính xã, thành lập xã, thị trấn thuộc các huyện: Bảo Lạc, Thông Nông, Trùng Khánh, Phục Hòa, tỉnh Cao Bằng"
84.0,182/2007/NĐ-CP,13/12/2007,"Về việc điều chỉnh địa giới hành chính xã Lương Tâm, xã Vĩnh Viễn để thành lập xã Lương Nghĩa, xã Vĩnh Viễn A thuộc huyện Long Mỹ, tỉnh Hậu Giang"
85.0,181/2007/NĐ-CP,13/12/2007,"Về việc điều chỉnh địa giới hành chính huyện Đông Hưng, huyện Kiến Xương, huyện Vũ Thư để mở rộng thành phố Thái Bình; điều chỉnh địa giới hành chính phường, xã; thành lập phường thuộc thành phố Thái Bình, tỉnh Thái Bình"
86.0,164/2007/NĐ-CP,15/11/2007,"Về việc điều chỉnh địa giới hành chính huyện Nghĩa Đàn để thành lập thị xã Thái Hòa; thành lập các phường thuộc thị xã Thái Hoà, tỉnh Nghệ An"
87.0,162/2007/NĐ-CP,06/11/2007,"Về việc điều chỉnh địa giới hành chính xã, phường; thành lập xã, phường thuộc quận Bình Thuỷ, quận Ô Môn, huyện Thốt Nốt và huyện Vĩnh Thạnh, thành phố Cần Thơ"
88.0,155/2007/NĐ-CP,18/10/2007,"Về việc điều chỉnh địa giới hành chính xã; thành lập xã, thị trấn thuộc các huyện: Đắk R'lấp, Đắk Song, Đắk Glong và Krông Nô, tỉnh Đắk Nông"
89.0,145/2007/NĐ-CP,12/09/2007,"Về việc điều chỉnh địa giới hành chính huyện Kiến Thụy để thành lập quận Dương Kinh; thành lập quận Đồ Sơn; thành lập phường thuộc các quận Dương Kinh, Đồ Sơn, thành phố Hải Phòng"
90.0,125/2007/NĐ-CP,31/07/2007,"Về việc điều chỉnh địa giới hành chính huyện Bình Minh để thành lập huyện Bình Tân, tỉnh Vĩnh Long"
91.0,123/2007/NĐ-CP,27/07/2007,"Sửa đổi, bổ sung một số điều của Nghị định số 188/2004/NĐ-CP ngày 16 tháng 11 năm 2004 về phương pháp xác định giá đất và khung giá các loại đất"
92.0,84/2007/NĐ-CP,25/05/2007,"Quy định bổ sung về việc cấp Giấy chứng nhận quyền sử dụng đất, thu hồi đất, thực hiện quyền sử dụng đất, trình tự, thủ tục bồi thường, hỗ trợ, tái định cư khi Nhà nước thu hồi đất và giải quyết khiếu nại về đất đai"
93.0,34/2007/NĐ-CP,08/03/2007,"Về việc điều chỉnh địa giới hành chính các xã Thạnh Xuân, Tân Phú Thạnh để thành lập thị trấn Rạch Gòi, thị trấn Cái Tắc thuộc huyện Châu Thành A, tỉnh Hậu Giang"
94.0,33/2007/NĐ-CP,08/03/2007,"Về việc điều chỉnh địa giới hành chính xã, thị trấn; thành lập xã, phường, mở rộng thị trấn thuộc các huyện Đại Lộc, Bắc Trà My, Thăng Bình và thị xã Hội An, tỉnh Quảng Nam"
95.0,11/2007/NĐ-CP,16/01/2007,"Về việc điều chỉnh địa giới hành chính xã, phường; thành lập phường, thị trấn thuộc các quận Ninh Kiều, Ô Môn và các huyện Phong Điền, Vĩnh Thạnh, thành phố Cần Thơ"
96.0,03/2007/NĐ-CP,08/01/2007,"Về việc điều chỉnh địa giới hành chính xã; thành lập xã, thị trấn thuộc các huyện Mường La, Thuận Châu và Mộc Châu, tỉnh Sơn La"
97.0,149/2006/NĐ-CP,11/12/2006,"Về việc điều chỉnh địa giới hành chính xã Phước Long Thọ; thành lập thị trấn Đất Đỏ và thị trấn Phước Hải thuộc huyện Đất Đỏ, tỉnh Bà Rịa - Vũng Tàu"
98.0,143/2006/NĐ-CP,23/11/2006,"Về việc điều chỉnh địa giới hành chính phường, quận; thành lập phường thuộc quận Gò Vấp, quận 12 và quận Tân Bình, thành phố Hồ Chí Minh"
99.0,142/2006/NĐ-CP,22/11/2006,"Về việc điều chỉnh địa giới hành chính xã, huyện; thành lập xã thuộc các huyện Đắk R'Lấp, Đắk Song, Đắk Mil và thành lập huyện Tuy Đức thuộc tỉnh Đắk Nông"
100.0,135/2006/NĐ-CP,14/11/2006,"Về việc điều chỉnh địa giới hành chính xã, huyện; thành lập xã; mở rộng và đổi tên thị trấn Mường Ẳng thuộc huyện Tuần Giáo, huyện Mường Chà; thành lập huyện Mường Ảng, tỉnh Điện Biên"
101.0,133/2006/NĐ-CP,10/11/2006,"Về việc điều chỉnh địa giới hành chính xã thuộc huyện Lâm Thao, huyện Phù Ninh để mở rộng thành phố Việt Trì, tỉnh Phú Thọ"
102.0,132/2006/NĐ-CP,10/11/2006,"Về việc điều chỉnh địa giới hành chính xã để mở rộng thị trấn Nam Sách, huyện Nam Sách, tỉnh Hải Dương"
103.0,125/2006/NĐ-CP,27/10/2006,"Về việc điều chỉnh địa giới hành chính, thành lập xã, thị trấn thuộc các huyện Hà Quảng, Bảo Lâm và Hạ Lang, tỉnh Cao Bằng"
104.0,124/2006/NĐ-CP,27/10/2006,"Về việc điều chỉnh địa giới hành chính, thành lập xã, thị trấn thuộc thị xã Vị Thanh, huyện Long Mỹ; đổi tên thị xã Tân Hiệp thành thị xã Ngã Bảy, tỉnh Hậu Giang"
105.0,92/2006/NĐ-CP,07/09/2006,"Về lập, phê duyệt và quản lý quy hoạch tổng thể phát triển kinh tế - xã hội"
106.0,90/2006/NĐ-CP,06/09/2006,Quy định chi tiết và hướng dẫn thi hành Luật Nhà ở
107.0,17/2006/NĐ-CP,27/01/2006,"Nghị định sửa đổi, bổ sung một số điều của các Nghị định hướng dẫn thi hành Luật đất đai và Nghị định số 187/2004/NĐ-CP về việc chuyển công ty nhà nước thành công ty cổ phần"
108.0,13/2006/NĐ-CP,24/01/2006,Nghị định về xác định giá trị quyền sử dụng đất để tính vào giá trị tài sản của các tổ chức được Nhà nước giao đất không thu tiền sử dụng đất
109.0,142/2005/NĐ-CP,14/11/2005,"Nghị định thu tiền thuê đất, thuê mặt nước"
110.0,127/2005/NĐ-CP,10/10/2005,NĐ hướng dẫn thực hiện Nghị quyết số 23/2003/QH11 ngày 26 tháng 11 năm 2003 của Quốc hội và Nghị quyết số 755/2005/NQ-UBTVQH11 ngày 02 tháng 4 năm 2005 của UBTVQH quy định việc giải quyết đối với 1 số trường hợp cụ thể về nhà đất trong quá trình thực hiện các chính sách quản lý nhà đất và chính sách cải tạo XHCN trước ngày 01 tháng 7 năm 1991
111.0,198/2004/NĐ-CP,03/12/2004,Nghị định về thu tiền sử dụng đất
112.0,188/2004/NĐ-CP,16/11/2004,NĐ về phương pháp xác định giá đất và khung giá các loại đất
113.0,182/2004/NĐ-CP,29/10/2004,Nghị định quy định xử phạt vi phạm hành chính trong lĩnh vực đất đai
114.0,181/2004/NĐ-CP,29/10/2004,Nghị định về thi hành Luật Đất đai
115.0,164/2004/NĐ-CP,14/09/2004,"Nghị định về kê biên, đấu giá quyền sử dụng đất để bảo đảm thi hành án"
116.0,126/2004/NĐ-CP,26/05/2004,"Nghị định về xử phạt vi phạm hành chính trong hoạt động xây dựng, quản lý công trình hạ tầng đô thị và quản lý sử dụng nhà"
117.0,129/2003/NĐ-CP,03/11/2003,"Nghị định quy định chi tiết thi hành Nghị quyết số 15/2003/QH11 ngày 17 tháng 6 năm 2003 của Quốc hội về miễn, giảm thuế sử dụng đất nông nghiệp"
118.0,81/2001/NĐ-CP,05/11/2001,Người VN định cư ở nước ngoài mua nhà ở Việt Nam
119.0,79/NĐ-CP,01/11/2001,"Sửa đổi bổ sung một số điều của Nghị định số 17/1999/NĐ/CP ngày 29/3/199 về thủ tục chuyển đổi, chuyển nhượng, cho thuê, cho thuê lại, thừa kế quyền sử dụng đất và thế chấp, góp vốn bằng giá trị quyền sử dụng đất"
120.0,71/2001/NĐ-CP,05/10/2001,Nghị định về ưu đãi đầu tư xây dựng nhà ở để bán và cho thuê
121.0,68/2001/NĐ-CP,01/10/2001,"Nghị định về quy hoạch, kế hoạch sử dụng đất đai"
122.0,66/2001/NĐ-CP,28/09/2001,"Nghị định sửa đổi, bổ sung một số điều của Nghị định số 4/2000/NĐ-CP ngày 11 tháng 2 năm 2000 về thi hành Luật sửa đổi, bổ sung một số điều của Luật Đất đai"
123.0,69/2000/NĐ-CP,20/11/2000,"Sửa đổi, bổ sung một số điều của Nghị định số 09/CP ngày 12/02/1996 về chế độ quản lý, sử dụng đất quốc phòng, an ninh"
124.0,38/2000/NĐ-CP,23/08/2000,Thu tiền sử dụng đất
125.0,19/2000/NĐ-CP,08/06/2000,"Quy định chi tiết thi hành Luật thuế chuyển quyền sử dụng đất và Luật sửa đổi, bổ sung một số điều của Luật thuế chuyển quyền sử dụng đất"
126.0,04/2000/NĐ-CP,11/02/2000,"Thi hành Luật sửa đổi, bổ sung một số điều của Luật đất đai"
127.0,163/1999/NĐ-CP,16/11/1999,"Về giao đất, cho thuê đất lâm nghiệp cho tổ chức, hộ gia đình và cá nhân sử dụng ổn định, lâu dài vào mục đích lâm nghiệp"
128.0,85/1999/NĐ-CP,28/08/1999,"sửa đổi, bổ sung một số điều của Bản quy định về việc giao đất nông nghiệp cho hộ gia đình, cá nhân sử dụng ổn định lâu dài vào mục đích sản xuất nông nghiệp, và bổ sung việc giao đất làm muối cho hộ gia đình và cá nhân sử dụng ổn định lâu dài"
129.0,25/1999/NĐ-CP,19/04/1999,"Phương thức trả nhà ở, giá cho thuê nhà ở khi chưa trả lại nhà và thủ tục xác lập quền sở hữu nhà ở được quy định tại NQ số 58/1998/NQ-UBTVQH ngày 20/8/991 của UBTVQH về giao dịch dân sự về nhà ở được xác lập trước ngày 1/7/91"
130.0,17/1999/NĐ-CP,29/03/1999,"Về thủ tục chuyển đổi, chuyển nhượng, cho thuê,cho thuê lại, thừa kế quyền sử dụng đất và thế chấp, góp vốn bằng giá trị quyền sử dụng đất"
131.0,17/1998/NĐ-CP,21/03/1998,Sửa đổi bổ sung khoản 2 điều 4 của Nghị định 87/CP ngày 17/8/94 của Chính phủ quy định khung giá các loại đất
132.0,09/CP,30/01/1997,"Về việc sửa đổi Điều 7 Quy chế cho người nước ngoài, người Việt Nam định cư ở nước ngoài thuê nhà tại Việt Nam"
133.0,04/CP,10/01/1997,"Về xử phạt vi phạm hành chính trong lĩnh vực quản lý, sử dụng đất đai"
134.0,45/CP,03/08/1996,Về việc bổ sung Điều 10 của Nghị định số 60/CP ngày 5 tháng 7 năm 1994 của Chính phủ về quyền sở hữu nhà ở và quyền sử dụng đất ở tại đô thị
135.0,44/CP,03/08/1996,Nghị định bổ sung Điều 1 của Nghị định số 89/CP ngày 17/8/94 của Chính phủ về việc thu tiền sử dụng đất và lệ phí địa chính
136.0,21/CP,16/04/1996,"Về việc sửa đổi, bổ sung Điều 5 và Điều 7 của Nghị định số 61/CP ngày 5/7/1994 của Chính phủ về mua bán và kinh doanh nhà ở"
137.0,09/CP,12/02/1996,"Nghị định về chế độ quản lý, sử dụng đất quốc phòng, an ninh"
138.0,85/CP,01/01/1996,"Nghị định quy định việc thi hành Pháp lệnh về quyền và nghĩa vụ của các tổ chức trong nước được Nhà nước giao đất, cho thuê đất"
139.0,21/CP,01/01/1996,"Nghị định về việc sửa đổi, bổ sung Điều 5 và Điều 7 của Nghị định số 61/CP ngày 5-7-1994 của Chính phủ về mua bán và kinh doanh Nhà ở"
140.0,56/CP,18/09/1995,"Nghị định ban hành Quy chế cho người nước ngoài, người Việt Nam định cư ở nước ngoài thuê nhà tại Việt Nam"
141.0,18/CP,13/02/1995,"Nghị định quy định chi tiết thi hành Pháp lệnh về quyền và nghĩa vụ của các tổ chức trong nước được Nhà nước giao đất, cho thuê đất"
142.0,11/CP,01/01/1995,"Nghị định quy định chi tiết thi hành Pháp lệnh về Quyền và Nghĩa vụ của tổ chức, cá nhân nước ngoài thuê đất tại Việt Nam"
143.0,114/CP,05/09/1994,Nghị định quy định chi tiết thi hành Luật thuế chuyển quyền sử dụng đất
144.0,94/CP,25/08/1994,"Nghị định quy định chi tiết thi hành pháp lệnh về thuế nhà, đất và pháp lệnh sửa đổi, bổ xung một số điều của pháp lệnh về thuế nhà, đất"
145.0,89/CP,17/08/1994,Nghị định về việc thu tiền sử dụng đất và lệ phí địa chính
146.0,88/CP,17/08/1994,Nghị định về quản lý và sử dụng đất đô thị
147.0,87/CP,17/08/1994,Nghị định quy định khung giá các loại đất
148.0,84/CP,08/08/1994,Nghị định quy định chi tiết thi hành Pháp lệnh Thuế bổ sung đối với hộ gia đình sử dụng đất nông nghiệp vượt quá hạn mức diện tích
149.0,61/CP,05/07/1994,Nghị định về mua bán và kinh doanh nhà ở
150.0,60/CP,05/07/1994,Nghị định về quyền sở hữu nhà ở và quyền sử dụng đất ở tại đô thị
151.0,02/CP,15/01/1994,"Nghị định ban hành bản Quy định về việc giao đất lâm nghiệp cho tổ chức, hộ gia đình, cá nhân sử dụng ổn định, lâu dài vào mục đích lâm nghiệp"
152.0,80/CP,06/11/1993,"Nghị định quy định khung giá các loại đất để tính thuế chuyển quyền sử dụng đất, thu tiền khi giao đất, cho thuê đất, tính giá trị tài sản khi giao đất, bồi thường thiệt hại về đất khi thu hồi"
153.0,74/CP,25/10/1993,Nghị định quy định chi tiết thi hành Luật Thuế sử dụng đất nông nghiệp
154.0,73/CP,25/10/1993,Nghị định quy định chi tiết việc phân hạng đất tính Thuế Sử dụng Đất nông nghiệp
155.0,64/CP,27/09/1993,"Nghị định ban hành bản Quy định về việc giao đất nông nghiệp cho hộ gia đình, cá nhân sử dụng ổn định lâu dài vào mục đích sản xuất nông nghiệp"
156.0,339/HĐBT,22/09/1992,"Nghị định về việc thi hành Pháp lệnh về thuế nhà, đất"
157.0,270/HĐBT,01/01/1991,"Nghị định quy định chi tiết thi hành Pháp lệnh Thuế Nhà, Đất"
158.0,389/HĐBT,10/11/1990,"Nghị định ban hành Quy chế cho thuê nhà và thuê lao động đối với người nước ngoài, người gốc Việt Nam định cư ở nước ngoài lưu trú tại Việt Nam"
160.0,30/HĐBT,23/03/1989,Nghị định về việc thi hành Luật Đất đai
161.0,114/CP,01/01/1964,"Nghị định về việc thống nhất quản lý nhà, đất ở các thành phố, thị xã"
